[
    {
        "name": "FURLONG DOMINGUEZ SANDRA CAROLINA",
        "dni": "43685180",
        "position": "ADMINISTRACION",
        "nick": "SFURLONG",
        "email": "sandrafurlongd@hotmail.com",
        "password": "43685180",
        "phone": ""
    },
    {
        "name": "MANRIQUE OLIVERA LUIS EDUARDO",
        "dni": "46281780",
        "position": "RRHH",
        "nick": "LMANRIQUE",
        "email": "lmanrique.eolivera@gmail.com",
        "password": "46281780",
        "phone": ""
    },
    {
        "name": "ESPINOZA ESTRADA YULISSA",
        "dni": "46492508",
        "position": "ADMISION",
        "nick": "YESPINOZA",
        "email": "jvitzava@gmail.com",
        "password": "46492508",
        "phone": ""
    },
    {
        "name": "TAVARA CHAVEZ JULIO HUMBERTO",
        "dni": "03687596 ",
        "position": "ADMISION",
        "nick": "JTAVARA",
        "email": "juliohtch@gmail.com  ",
        "password": "03687596 ",
        "phone": ""
    },
    {
        "name": "PACHERREZ BARRIOS LISBETH MARINA",
        "dni": "74879188",
        "position": "ADMISION",
        "nick": "LPACHERREZ",
        "email": "pacherrezbarriosmari95@gmail.com",
        "password": "74879188",
        "phone": ""
    },
    {
        "name": "HUAYAMA FLORES FANNY",
        "dni": "70938906",
        "position": "FACTURACION",
        "nick": "FHUAYAMA",
        "email": "",
        "password": "70938906",
        "phone": ""
    },
    {
        "name": "LAURA OTERO KARLA FABIOLA",
        "dni": "72172114",
        "position": "ADMISION",
        "nick": "KLAURA",
        "email": "klauraoter@gmail.com",
        "password": "72172114",
        "phone": ""
    },
    {
        "name": "LUPUCHE AGUILAR CINTHYA PAMELA",
        "dni": "72367032",
        "position": "ADMISION",
        "nick": "CLUPUCHE",
        "email": "pamelalupuche2@gmail.com",
        "password": "72367032",
        "phone": ""
    },
    {
        "name": "ESPINOZA GARCIA JORDELY",
        "dni": "76548929",
        "position": "ADMISION",
        "nick": "JESPINOZA",
        "email": "JORDELYESPINOZAGARCIA@GMAIL.COM",
        "password": "76548929",
        "phone": ""
    },
    {
        "name": "RUIZ CESPEDES MARIA DEL SOCORRO",
        "dni": "47352143",
        "position": "ADMISION",
        "nick": "MRUIZ",
        "email": "marita.ruiz91@outlook.com",
        "password": "47352143",
        "phone": ""
    },
    {
        "name": "ZAPATA LECARNAQUE ALEJANDRA DEL ROSARIO",
        "dni": "76435121",
        "position": "FACTURACION",
        "nick": "AZAPATA",
        "email": "ale.z.lecarnaqué@gmail.com",
        "password": "76435121",
        "phone": ""
    },
    {
        "name": "MEDINA PACAY ANA BELEN",
        "dni": "75913487",
        "position": "ADMISION",
        "nick": "BMEDINA",
        "email": "belmed2705@gmail.com",
        "password": "75913487",
        "phone": ""
    },
    {
        "name": "CUEVA CORONADO JACLYN SYDNE",
        "dni": "76468208",
        "position": "ARCHIVO HISTORIAS",
        "nick": "JCUEVA",
        "email": "jaclyncuevacoronado1922@gmail.com",
        "password": "76468208",
        "phone": ""
    },
    {
        "name": "HEREDIA GUTIERREZ PAMELA GRACIELA",
        "dni": "75262384",
        "position": "ARCHIVO HISTORIAS",
        "nick": "PHEREDIA",
        "email": "pamelaheredia2105@gmail.com",
        "password": "75262384",
        "phone": ""
    },
    {
        "name": "ZETA SOLIS LUDWING ALEXANDER",
        "dni": "75713592",
        "position": "AUDITOR MEDICO",
        "nick": "LZETA",
        "email": "",
        "password": "75713592",
        "phone": ""
    },
    {
        "name": "CARRASCO CASTILLO DORA NELY",
        "dni": "03657858",
        "position": "ADMISION",
        "nick": "NCARRASCO",
        "email": "doneca_18@hotmail.com",
        "password": "03657858",
        "phone": ""
    },
    {
        "name": "GONZALES RUIZ ASTRID",
        "dni": "42776544",
        "position": "ADMISION",
        "nick": "AGONZALES",
        "email": "graclunamia@gmail.com",
        "password": "42776544",
        "phone": ""
    },
    {
        "name": "VILLEGAS CARMEN ROSA",
        "dni": "45249022",
        "position": "CONSULTORIOS",
        "nick": "RCARMEN",
        "email": "",
        "password": "45249022",
        "phone": ""
    },
    {
        "name": "ORTIZ ARAMBULO MARICARMEN",
        "dni": "03878952",
        "position": "CONSULTORIOS",
        "nick": "MORTIZ",
        "email": "",
        "password": "03878952",
        "phone": ""
    },
    {
        "name": "DOMINGUEZ SOBRINO MARIBEL",
        "dni": "80267557",
        "position": "CONSULTORIOS",
        "nick": "MDOMINGUEZ",
        "email": "",
        "password": "80267557",
        "phone": ""
    },
    {
        "name": "GALVEZ MADRID CLAUDIA",
        "dni": "46972687",
        "position": "CONSULTORIOS",
        "nick": "CGALVEZ",
        "email": "",
        "password": "46972687",
        "phone": ""
    },
    {
        "name": "GAHONA LUZON LETICIA",
        "dni": "43882704",
        "position": "CONSULTORIOS",
        "nick": "LGAHONA",
        "email": "gahonaluzonl@gmail.com",
        "password": "43882704",
        "phone": ""
    },
    {
        "name": "SILVA SEMINARIO TANNIA",
        "dni": "74146527",
        "position": "CONTABILIDAD",
        "nick": "TSILVA",
        "email": "tannia0411j@gmail.com",
        "password": "74146527",
        "phone": ""
    },
    {
        "name": "CRUZ MOGOLLON WALTER HEBERT",
        "dni": "03672238",
        "position": "CONTABILIDAD",
        "nick": "WCRUZ",
        "email": "hebertczmg75@hotmail.com",
        "password": "03672238",
        "phone": ""
    },
    {
        "name": "CRUZ MARTINEZ MERGURY TATIANA JUANITA",
        "dni": "44520562",
        "position": "FACTURACION",
        "nick": "MCRUZ",
        "email": "mergurytj@gmail.com",
        "password": "44520562",
        "phone": ""
    },
    {
        "name": "CUMBICUS RIVAS FLOR",
        "dni": "75418548",
        "position": "CONTABILIDAD",
        "nick": "FCUMBICUS",
        "email": "florstephanycumbicusrivas@gmail.com",
        "password": "75418548",
        "phone": ""
    },
    {
        "name": "PEÑA MANRIQUE MARIA ALEJANDRA",
        "dni": "46283821",
        "position": "FACTURACION",
        "nick": "MPEÑA",
        "email": "MAPM789@GMAIL.COM",
        "password": "46283821",
        "phone": ""
    },
    {
        "name": "PEDRO VLADIMIR DIOSES VARGAS",
        "dni": "71880025",
        "position": "FACTURACION",
        "nick": "PDIOSES",
        "email": "vladimir275000@gmail.com",
        "password": "71880025",
        "phone": ""
    },
    {
        "name": "CAMACHO LUNA ARIANA",
        "dni": "72461921",
        "position": "ASISTENTE FACTURACION",
        "nick": "ACAMACHO",
        "email": "",
        "password": "72461921",
        "phone": ""
    },
    {
        "name": "AGUILAR FARRO JUAN MIGUEL",
        "dni": "45157230",
        "position": "FARMACIA",
        "nick": "JAGUILAR",
        "email": "juanmiguel6699@hotmail.com",
        "password": "45157230",
        "phone": ""
    },
    {
        "name": "CASTRO SANDOVAL MARIA INMACULADA",
        "dni": "48126484",
        "position": "FARMACIA",
        "nick": "MCASTRO",
        "email": "mariacs538@gmail.com",
        "password": "48126484",
        "phone": ""
    },
    {
        "name": "DELGADO VALDEZ MERCEDES NATHALY",
        "dni": "47104915",
        "position": "FARMACIA",
        "nick": "NDELGADO",
        "email": "nathalydelgadoc71@gmail.com",
        "password": "47104915",
        "phone": ""
    },
    {
        "name": "FARFAN MIRANDA JHONATAN",
        "dni": "75104216",
        "position": "FARMACIA",
        "nick": "JFARFAN",
        "email": "jhonatan_13_1994@hotmail.com",
        "password": "75104216",
        "phone": ""
    },
    {
        "name": "GAMBOA NOLE JHON HERLYN",
        "dni": "42856500",
        "position": "FARMACIA",
        "nick": "JGAMBOA",
        "email": "jhongamboa140216@gmail.com",
        "password": "42856500",
        "phone": ""
    },
    {
        "name": "ROJAS CISNEROS LOURDES",
        "dni": "47521868",
        "position": "FARMACIA",
        "nick": "LROJAS",
        "email": "lourdesmaritzarojascisneros@gmail.com",
        "password": "47521868",
        "phone": ""
    },
    {
        "name": "SANCHEZ CORREA JUAN CARLOS",
        "dni": "40990628",
        "position": "FARMACIA",
        "nick": "JSANCHEZ",
        "email": "siemprejc123@gmail.com",
        "password": "40990628",
        "phone": ""
    },
    {
        "name": "SANCHEZ ESPINOZA NATALIA",
        "dni": "44820885",
        "position": "FARMACIA",
        "nick": "NSANCHEZ",
        "email": "NMSE1127@GMAIL.COM",
        "password": "44820885",
        "phone": ""
    },
    {
        "name": "VALDIVIEZO VILELA LIZIT YAZMIN",
        "dni": "48698592",
        "position": "FARMACIA",
        "nick": "LVALDIVIEZO",
        "email": "lizitvaldiviezo@gmail.com",
        "password": "48698592",
        "phone": ""
    },
    {
        "name": "BENITES REYES MARIA MILAGROS",
        "dni": "47967200",
        "position": "HOSPITALIZACION",
        "nick": "MBENITES",
        "email": "flaviaguevarabenites@gmail.com",
        "password": "47967200",
        "phone": ""
    },
    {
        "name": "CASQUERO ROJAS CARLA DE LOS MILAGROS",
        "dni": "75342200",
        "position": "HOSPITALIZACION",
        "nick": "CCASQUERO",
        "email": "ccasquerorojas@gmail.com",
        "password": "75342200",
        "phone": ""
    },
    {
        "name": "CORONEL PEÑA YOMARY",
        "dni": "75898083",
        "position": "HOSPITALIZACION",
        "nick": "YCORONEL",
        "email": "yomary.carlos@gmail.com",
        "password": "75898083",
        "phone": ""
    },
    {
        "name": "NOLE ANDRADE MARIA MAGDALENA",
        "dni": "40820906",
        "position": "HOSPITALIZACION",
        "nick": "MNOLE",
        "email": "noleandrademaria2018@hotmail.com",
        "password": "40820906",
        "phone": ""
    },
    {
        "name": "SIANCAS MEZONES JULIANA",
        "dni": "42075548",
        "position": "HOSPITALIZACION",
        "nick": "JSIANCAS",
        "email": "fabiola2020sandoval@outlook.es",
        "password": "42075548",
        "phone": ""
    },
    {
        "name": "ORDOÑEZ BARAHONA MARIA DE LOS ANGELES",
        "dni": "73865024",
        "position": "HOSPITALIZACION",
        "nick": "AORDOÑES",
        "email": "angeles.orba.06@hotmail.com",
        "password": "73865024",
        "phone": ""
    },
    {
        "name": "TAVARA NAVARRO JHOANA DEL PILAR",
        "dni": "74095321",
        "position": "HOSPITALIZACION",
        "nick": "JTAVARAN",
        "email": "",
        "password": "74095321",
        "phone": ""
    },
    {
        "name": "ROSALES ONTANEDA LIZBET",
        "dni": "45588370",
        "position": "HOSPITALIZACION",
        "nick": "LROSALES",
        "email": "",
        "password": "45588370",
        "phone": ""
    },
    {
        "name": "CASTRO DE LA CRUZ MIRNA",
        "dni": "44128580",
        "position": "LABORATORIO",
        "nick": "GCASTRO",
        "email": "gcdelac0203@hotmail.com",
        "password": "44128580",
        "phone": ""
    },
    {
        "name": "FARFAN PEÑA MIRIAM CAROLINA",
        "dni": "76851256",
        "position": "LABORATORIO",
        "nick": "MFARFAN",
        "email": "miriamfp.0309@gmail.com",
        "password": "76851256",
        "phone": ""
    },
    {
        "name": "ORDINOLA RIVERA DANTE",
        "dni": "03489426",
        "position": "LABORATORIO",
        "nick": "DORDINOLA",
        "email": "dante11@hotmail.com",
        "password": "03489426",
        "phone": ""
    },
    {
        "name": "VARGAS REYES JESBY GUILLIANA",
        "dni": "46040575",
        "position": "LABORATORIO",
        "nick": "JVARGAS",
        "email": "jesbyguillianavargasreyes@gmail.com",
        "password": "46040575",
        "phone": ""
    },
    {
        "name": "MOGOLLON FLORES LINDA ESTHER",
        "dni": "45804046",
        "position": "LABORATORIO",
        "nick": "LMOGOLLON",
        "email": "lindaesthermogollon@gmail.com",
        "password": "45804046",
        "phone": ""
    },
    {
        "name": "VILLAVERDE REYES RAQUEL",
        "dni": "47076940",
        "position": "LABORATORIO",
        "nick": "RVILLAVERD",
        "email": "kelo_28_1@hotmail.com",
        "password": "47076940",
        "phone": ""
    },
    {
        "name": "CHIROQUE SANTANA MARITZA ELIZABETH",
        "dni": "42370592",
        "position": "LABORATORIO",
        "nick": "MCHIROQUE",
        "email": "",
        "password": "42370592",
        "phone": ""
    },
    {
        "name": "NEYRA VILLARREYES AMANDA JACKELYNE",
        "dni": "43392320",
        "position": "LABORATORIO",
        "nick": "ANEYRA",
        "email": "amandanv304@hotmail.com",
        "password": "43392320",
        "phone": ""
    },
    {
        "name": "SIANCAS RETO CÉSAR LUIS",
        "dni": "43575818",
        "position": "LABORATORIO",
        "nick": "CSIANCAS",
        "email": "",
        "password": "43575818",
        "phone": ""
    },
    {
        "name": "SAAVEDRA MARROQUIN TESSY",
        "dni": "46862542",
        "position": "LOGISTICA",
        "nick": "TSAAVEDRA",
        "email": "greta1591@gmail.com",
        "password": "46862542",
        "phone": ""
    },
    {
        "name": "BENITES HERRERA ESTRELLITA",
        "dni": "73173600",
        "position": "QUIROFANO",
        "nick": "EBENITES",
        "email": "benitesestrella6@gmail.com",
        "password": "73173600",
        "phone": ""
    },
    {
        "name": "CHERO RUIZ JESUS",
        "dni": "65765580",
        "position": "QUIROFANO",
        "nick": "JCHERO",
        "email": "jesusmariacheroruiz77@gmail.com",
        "password": "65765580",
        "phone": ""
    },
    {
        "name": "MACHA PURIZACA YOLY",
        "dni": "75342142",
        "position": "QUIROFANO",
        "nick": "YMACHA",
        "email": "yolymacha21@gmail.com",
        "password": "75342142",
        "phone": ""
    },
    {
        "name": "CUENTAS CRUZ MARIA ALICIA",
        "dni": "44236569",
        "position": "QUIROFANO",
        "nick": "MCUENTAS",
        "email": "cuentascruzmariaalicia@gmail.com",
        "password": "44236569",
        "phone": ""
    },
    {
        "name": "VALLADARES AGUILAR SUSAN MICHEL",
        "dni": "47786613",
        "position": "QUIROFANO",
        "nick": "SVALLADARES",
        "email": "",
        "password": "47786613",
        "phone": ""
    },
    {
        "name": "LACHIRA CORONADO EDGAR",
        "dni": "03664824",
        "position": "RAYOS X",
        "nick": "ELACHIRA",
        "email": "elachira.csr@gmail.com",
        "password": "03664824",
        "phone": ""
    },
    {
        "name": "ORTIZ DE LA CRUZ VICTOR HUGO",
        "dni": "03674991",
        "position": "RAYOS X",
        "nick": "VORTIZ",
        "email": "",
        "password": "03674991",
        "phone": ""
    },
    {
        "name": "ALARCON CANOVA STEVEN",
        "dni": "42525860",
        "position": "MEDICOS",
        "nick": "SALARCON",
        "email": "",
        "password": "42525860",
        "phone": ""
    },
    {
        "name": "LEIVA HERRADA CLEVER HUMBERTO",
        "dni": "08439278",
        "position": "MEDICOS",
        "nick": "CLEIVA",
        "email": "",
        "password": "08439278",
        "phone": ""
    },
    {
        "name": "SILVA MARROQUIN MARTHA",
        "dni": "45223258",
        "position": "MEDICOS",
        "nick": "MSILVA",
        "email": "",
        "password": "45223258",
        "phone": ""
    },
    {
        "name": "LOZADA CASTILLO JULIO EDWARD",
        "dni": "42115022",
        "position": "MEDICOS",
        "nick": "JLOZADA",
        "email": "",
        "password": "42115022",
        "phone": ""
    },
    {
        "name": "GUTIERREZ PONCE LUIS OSWALDO",
        "dni": "41123706",
        "position": "MEDICOS",
        "nick": "LGUTIERREZ",
        "email": "",
        "password": "41123706",
        "phone": ""
    },
    {
        "name": "BURGOS CORONADO ROBERT",
        "dni": "03693886",
        "position": "MEDICOS",
        "nick": "RBURGOS",
        "email": "",
        "password": "03693886",
        "phone": ""
    },
    {
        "name": "SUAREZ VASQUEZ OVIDIO",
        "dni": "17874165",
        "position": "MEDICOS",
        "nick": "OSUAREZ",
        "email": "",
        "password": "17874165",
        "phone": ""
    },
    {
        "name": "INGA VEGA VICTOR JAIME",
        "dni": "16523014",
        "position": "MEDICOS",
        "nick": "VINGA",
        "email": "",
        "password": "16523014",
        "phone": ""
    },
    {
        "name": "TORREALVA CABRERA HUGO",
        "dni": "21558367",
        "position": "MEDICOS",
        "nick": "HTORREALVA",
        "email": "",
        "password": "21558367",
        "phone": ""
    },
    {
        "name": "SIDIA ALCALDE MILAGROS",
        "dni": "44395057",
        "position": "MEDICOS",
        "nick": "MSIDIA",
        "email": "",
        "password": "44395057",
        "phone": ""
    },
    {
        "name": "SILVA CEVALLOS JOSE ANTONIO",
        "dni": "44352707",
        "position": "MEDICOS",
        "nick": "JSILVA",
        "email": "",
        "password": "44352707",
        "phone": ""
    },
    {
        "name": "AYALA ROSALES MANUEL ALEXANDER",
        "dni": "45474691",
        "position": "MEDICOS",
        "nick": "MAYALA",
        "email": "",
        "password": "45474691",
        "phone": ""
    },
    {
        "name": "GONZALES ROSAS ANNELY DEL SOCORRO",
        "dni": "02880207",
        "position": "MEDICOS",
        "nick": "SGONZALES",
        "email": "",
        "password": "02880207",
        "phone": ""
    },
    {
        "name": "LESCANO ORDONEZ RENSON ABEL",
        "dni": "41067128",
        "position": "MEDICOS",
        "nick": "RLESCANO",
        "email": "",
        "password": "41067128",
        "phone": ""
    },
    {
        "name": "ARAMBULO TIMANA VICTOR",
        "dni": "06435195",
        "position": "MEDICOS",
        "nick": "VARAMBULO",
        "email": "",
        "password": "06435195",
        "phone": ""
    },
    {
        "name": "ACEDO REYES ENID ELISENA",
        "dni": "42779009",
        "position": "MEDICOS",
        "nick": "EACEDO",
        "email": "",
        "password": "42779009",
        "phone": ""
    },
    {
        "name": "GUTIERREZ NUÑEZ ALAN",
        "dni": "41063623",
        "position": "MEDICOS",
        "nick": "AGUTIERREZ",
        "email": "",
        "password": "41063623",
        "phone": ""
    },
    {
        "name": "LACHIRA PANTA CHRISTIAN",
        "dni": "42502705",
        "position": "MEDICOS",
        "nick": "CLACHIRA",
        "email": "",
        "password": "42502705",
        "phone": ""
    },
    {
        "name": "SALAZAR LA TORRE DANTE",
        "dni": "02825965",
        "position": "MEDICOS",
        "nick": "DSALAZAR",
        "email": "",
        "password": "02825965",
        "phone": ""
    },
    {
        "name": "TRONCOS ESTRADA JAVIER",
        "dni": "02737807",
        "position": "MEDICOS",
        "nick": "JTRONCOS",
        "email": "",
        "password": "02737807",
        "phone": ""
    },
    {
        "name": "GARCIA JOHNSON NANCY CAROLINA",
        "dni": "40033733",
        "position": "MEDICOS",
        "nick": "NGARCIA",
        "email": "",
        "password": "40033733",
        "phone": ""
    },
    {
        "name": "CASTRO ALVARADO LUIS ALBERTO",
        "dni": "40903458",
        "position": "MEDICOS",
        "nick": "LCASTRO",
        "email": "",
        "password": "40903458",
        "phone": ""
    },
    {
        "name": "GONZALEZ TAPIA REMY ROLANDO",
        "dni": "18136500",
        "position": "MEDICOS",
        "nick": "RGONZALEZ",
        "email": "",
        "password": "18136500",
        "phone": ""
    },
    {
        "name": "DE LAMA LI MARIO",
        "dni": "10834726",
        "position": "MEDICOS",
        "nick": "MDELAMA",
        "email": "",
        "password": "10834726",
        "phone": ""
    },
    {
        "name": "CARREÑO CISNEROS JAIME MARTIN",
        "dni": "06435470",
        "position": "MEDICOS",
        "nick": "MCARREÑO",
        "email": "",
        "password": "06435470",
        "phone": ""
    },
    {
        "name": "CABREJOS IPANAQUE JOSE LUIS",
        "dni": "42009175",
        "position": "MEDICOS",
        "nick": "JCABREJOS",
        "email": "",
        "password": "42009175",
        "phone": ""
    },
    {
        "name": "MATEO SAMILLAN VICTOR NICOLAI",
        "dni": "41135680",
        "position": "MEDICOS",
        "nick": "VMATEO",
        "email": "",
        "password": "41135680",
        "phone": ""
    },
    {
        "name": "BENITES GUIVIN JUAN PABLO",
        "dni": "40228945",
        "position": "MEDICOS",
        "nick": "JBENITES",
        "email": "",
        "password": "40228945",
        "phone": ""
    },
    {
        "name": "ACEVEDO ORELLANO CESAR",
        "dni": "32781076",
        "position": "MEDICOS",
        "nick": "CACEVEDO",
        "email": "",
        "password": "32781076",
        "phone": ""
    },
    {
        "name": "CHANGANAQUI SILVA JULIO CESAR",
        "dni": "09654080",
        "position": "MEDICOS",
        "nick": "JCHANGA",
        "email": "",
        "password": "09654080",
        "phone": ""
    },
    {
        "name": "MIRANDA CORREA ROSA MARIA",
        "dni": "03847980",
        "position": "MEDICOS",
        "nick": "RMIRANDA",
        "email": "",
        "password": "03847980",
        "phone": ""
    },
    {
        "name": "PAZ MORE ELMER DAVID",
        "dni": "42799687",
        "position": "MEDICOS",
        "nick": "EPAZ",
        "email": "",
        "password": "42799687",
        "phone": ""
    },
    {
        "name": "CARREÑO MANRIQUE JULIO ROEL",
        "dni": "70656519",
        "position": "EMERGENCIA",
        "nick": "RCARREÑO",
        "email": "",
        "password": "70656519",
        "phone": ""
    },
    {
        "name": "DE LA CRUZ CORDOVA NIDIA ROSELY",
        "dni": "40720615",
        "position": "EMERGENCIA",
        "nick": "NDELACRUZ",
        "email": "",
        "password": "    40720615",
        "phone": ""
    },
    {
        "name": "VALDIVIEZO CRISANTO FERNANDO GABRIEL",
        "dni": "41353278",
        "position": "EMERGENCIA",
        "nick": "FVALDIVIESO",
        "email": "",
        "password": "41353278",
        "phone": ""
    },
    {
        "name": "VALLE RUIZ OLGA",
        "dni": "46446635",
        "position": "EMERGENCIA",
        "nick": "OVALLE",
        "email": "",
        "password": "46446635",
        "phone": ""
    },
    {
        "name": "GARCIA CHUNGA ADA",
        "dni": "72684818",
        "position": "EMERGENCIA",
        "nick": "AGARCIA",
        "email": "",
        "password": "72684818",
        "phone": ""
    },
    {
        "name": "SEMINARIO JIMENEZ ADOLFO",
        "dni": "77102507",
        "position": "EMERGENCIA",
        "nick": "ASEMINARIO",
        "email": "",
        "password": "77102507",
        "phone": ""
    },
    {
        "name": "DIAZ NAVARRO MAURICIO A.",
        "dni": "73004726",
        "position": "EMERGENCIA",
        "nick": "MDIAZ",
        "email": "",
        "password": "73004726",
        "phone": ""
    },
    {
        "name": "AVILA CAMINATI GUSTAVO VLADIMIR",
        "dni": "73009653",
        "position": "EMERGENCIA",
        "nick": "GAVILA",
        "email": "",
        "password": "73009653",
        "phone": ""
    },
    {
        "name": "DIOSES IRAZABAL MIGUEL ALEJANDRO",
        "dni": "73114412",
        "position": "EMERGENCIA",
        "nick": "MDIOSES",
        "email": "",
        "password": "73114412",
        "phone": ""
    },
    {
        "name": "SALAZAR ABRAMONTE JUAN CARLOS",
        "dni": "48102519",
        "position": "EMERGENCIA",
        "nick": "JSALAZAR",
        "email": "",
        "password": "48102519",
        "phone": ""
    },
    {
        "name": "CORDOVA LA CHIRA JUDITH",
        "dni": "75492059",
        "position": "MEDICOS",
        "nick": "JCORDOVA",
        "email": "",
        "password": "75492059",
        "phone": ""
    },
    {
        "name": "ROJAS CHAPPA EDISON ROLI",
        "dni": "45818383",
        "position": "MEDICOS",
        "nick": "EROJAS",
        "email": "",
        "password": "45818383",
        "phone": ""
    },
    {
        "name": "GUERRERO ROBLEDO LUZ ELENA",
        "dni": "46822011",
        "position": "MEDICOS",
        "nick": "LGUERRERO",
        "email": "",
        "password": "46822011",
        "phone": ""
    },
    {
        "name": "DI NATALE GUEVARA MILKO SALVADOR",
        "dni": "44577870",
        "position": "MEDICOS",
        "nick": "MDINATALE",
        "email": "",
        "password": "44577870",
        "phone": ""
    },
    {
        "name": "FLORES RUMICHE ROSITA ANGELICA",
        "dni": "48503683",
        "position": "EMERGENCIA",
        "nick": "RFLORES",
        "email": "",
        "password": "48503683",
        "phone": ""
    },
    {
        "name": "VIERA DOMINGUEZ JORGE KEVIN",
        "dni": "48507998",
        "position": "EMERGENCIA",
        "nick": "JVIERA",
        "email": "",
        "password": "48507998",
        "phone": ""
    },
    {
        "name": "ALDANA ROSALES LUIS MIGUEL",
        "dni": "46167109",
        "position": "MEDICOS",
        "nick": "LALDANA",
        "email": "",
        "password": "46167109",
        "phone": ""
    },
    {
        "name": "PALACIOS LAZO KELLY JULISSA",
        "dni": "70003882",
        "position": "MEDICOS",
        "nick": "KPALACIOS",
        "email": "",
        "password": "70003882",
        "phone": ""
    },
    {
        "name": "SUAREZ AGUILAR YAJAIRA MARIELI",
        "dni": "70657194",
        "position": "MEDICOS",
        "nick": "YSUAREZ",
        "email": "",
        "password": "70657194",
        "phone": ""
    },
    {
        "name": "CRUZ CALVA RAMON ALBERTO",
        "dni": "71132019",
        "position": "EMERGENCIA",
        "nick": "RCRUZ",
        "email": "",
        "password": "71132019",
        "phone": ""
    },
    {
        "name": "CANOVA SANDOVAL MARVIN ARMANDO",
        "dni": "42285253",
        "position": "MEDICOS",
        "nick": "MCANOVA",
        "email": "",
        "password": "42285253",
        "phone": ""
    },
    {
        "name": "GUERRERO AMAYA EDUARDO",
        "dni": "02848284",
        "position": "MEDICOS",
        "nick": "EGUERRERO",
        "email": "",
        "password": "02848284",
        "phone": ""
    },
    {
        "name": "MEDINA ARRUNATEGUI CESAR MARTIN",
        "dni": "03883907",
        "position": "MEDICOS",
        "nick": "CMEDINAA",
        "email": "",
        "password": "03883907",
        "phone": ""
    },
    {
        "name": "YAÑEZ CESTI MARIANO MANUEL",
        "dni": "06433539",
        "position": "MEDICOS",
        "nick": "MYAÑEZ",
        "email": "",
        "password": "06433539",
        "phone": ""
    },
    {
        "name": "CARREÑO CISNEROS JOSE ROEL",
        "dni": "03631551",
        "position": "MEDICOS",
        "nick": "RCARREÑOC",
        "email": "",
        "password": "03631551",
        "phone": ""
    },
    {
        "name": "MANRIQUE NOLE LUIS MANUEL",
        "dni": "09137550",
        "position": "MEDICOS",
        "nick": "LMANRIQUEN",
        "email": "",
        "password": "09137550",
        "phone": ""
    },
    {
        "name": "CARRASCO CASTILLO NELSON ERIK",
        "dni": "06288916",
        "position": "MEDICOS",
        "nick": "NCARRASCOC",
        "email": "",
        "password": "06288916",
        "phone": ""
    },
    {
        "name": "RETO GARCIA CLARA SORAIDA",
        "dni": "48106169",
        "position": "EMERGENCIA",
        "nick": "CRETO",
        "email": "",
        "password": "48106169",
        "phone": ""
    },
    {
        "name": "RIOS ATO CECI MERCEDES",
        "dni": "43182186",
        "position": "EMERGENCIA",
        "nick": "CRIOS",
        "email": "",
        "password": "43182186",
        "phone": ""
    },
    {
        "name": "CELI GARCIA FERNANDO",
        "dni": "43308643",
        "position": "MEDICOS",
        "nick": "FCELI",
        "email": "",
        "password": "43308643",
        "phone": ""
    },
    {
        "name": "ZEGARRA RUEDA CLAUDIA AYLLIN",
        "dni": "46315234",
        "position": "MEDICOS",
        "nick": "CZEGARRA",
        "email": "",
        "password": "46315234",
        "phone": ""
    },
    {
        "name": "MATOREL RUIZ MARIA LIZETH",
        "dni": "46363242",
        "position": "MEDICOS",
        "nick": "MMATOREL",
        "email": "",
        "password": "46363242",
        "phone": ""
    },
    {
        "name": "GONZALES POVES GABRIELA DEL PILAR",
        "dni": "73692438",
        "position": "EMERGENCIA",
        "nick": "GGONZALES",
        "email": "",
        "password": "73692438",
        "phone": ""
    },
    {
        "name": "GALLOSA PALACIOS MARIA EUGUENIA",
        "dni": "03594845",
        "position": "MEDICOS",
        "nick": "MGALLOSA",
        "email": "",
        "password": "03594845",
        "phone": ""
    },
    {
        "name": "AGURTO MERINO ANAIS DEL ROSARIO",
        "dni": "70761265",
        "position": "MEDICOS",
        "nick": "AAGURTO",
        "email": "",
        "password": "70761265",
        "phone": ""
    },
    {
        "name": "ALEGRE GARCIA YOLANDA MELINA",
        "dni": "72400878",
        "position": "MEDICOS",
        "nick": "YALEGRE",
        "email": "",
        "password": "72400878",
        "phone": ""
    },
    {
        "name": "MECHAN FIESTAS LISSET IRALY KIARA",
        "dni": "75922828",
        "position": "EMERGENCIA",
        "nick": "LMECHAN",
        "email": "",
        "password": "75922828",
        "phone": ""
    },
    {
        "name": "GOMEZ ARRESTEGI JUAN LUIS",
        "dni": "72681399",
        "position": "MEDICOS",
        "nick": "JGOMEZ",
        "email": "",
        "password": "72681399",
        "phone": ""
    },
    {
        "name": "GARCIA CISNEROS ASTRID JACKELINE",
        "dni": "76742095",
        "position": "MEDICOS",
        "nick": "AGARCIAC",
        "email": "",
        "password": "76742095",
        "phone": ""
    },
    {
        "name": "ALBURQUEQUE CRUZ RENATO",
        "dni": "71985780",
        "position": "EMERGENCIA",
        "nick": "RALBURQUEQUE",
        "email": "",
        "password": "71985780",
        "phone": ""
    },
    {
        "name": "LAZO GIRON LADY DIANA LOURDES",
        "dni": "47441707",
        "position": "MEDICOS",
        "nick": "LLAZO",
        "email": "",
        "password": "47441707",
        "phone": ""
    },
    {
        "name": "CARNERO SOTOMAYOR BRUNO ERNESTO",
        "dni": "72017259",
        "position": "MEDICOS",
        "nick": "BCARNERO",
        "email": "",
        "password": "72017259",
        "phone": ""
    },
    {
        "name": "DE FRANCESCH PAREDES ALESSANDRO ANDRE",
        "dni": "75573386",
        "position": "EMERGENCIA",
        "nick": "ADEFRANCESCH",
        "email": "",
        "password": "75573386",
        "phone": ""
    },
    {
        "name": "KATERINE ALEJANDRA ALVARADO SUGAHARA",
        "dni": "45547384",
        "position": "MEDICOS",
        "nick": "KALVARADO",
        "email": "",
        "password": "45547384",
        "phone": ""
    },
    {
        "name": "CARREÑO RAMIREZ JAVIER MARTIN",
        "dni": "41191288",
        "position": "MEDICOS",
        "nick": "JCARREÑO",
        "email": "",
        "password": "41191288",
        "phone": ""
    },
    {
        "name": "RAMOS RODRIGUEZ INGRID JOYCE",
        "dni": "72857640",
        "position": "MEDICOS",
        "nick": "IRAMOS",
        "email": "",
        "password": "72857640",
        "phone": ""
    },
    {
        "name": "RIVAS MORALES SHIRLEY FIORELLA",
        "dni": "45845990",
        "position": "MEDICOS",
        "nick": "SRIVAS",
        "email": "",
        "password": "45845990",
        "phone": ""
    },
    {
        "name": "AYALA GARRIDO CARMEN",
        "dni": "40778300",
        "position": "MEDICOS",
        "nick": "CAYALA",
        "email": "",
        "password": "40778300",
        "phone": ""
    },
    {
        "name": "SANCHEZ AGUIRRE JOSE ANTONIO",
        "dni": "03668276",
        "position": "MEDICOS",
        "nick": "JSANCHEZA",
        "email": "",
        "password": "03668276",
        "phone": ""
    },
    {
        "name": "ALVARADO GUERRERO ALEMBERT",
        "dni": "03661310",
        "position": "MEDICOS",
        "nick": "AALVARADO",
        "email": "",
        "password": "03661310",
        "phone": ""
    },
    {
        "name": "HERRERA OLIVARES  MARTIN",
        "dni": "03688330",
        "position": "MEDICOS",
        "nick": "MHERRERA",
        "email": "",
        "password": "03688330",
        "phone": ""
    }
]
